image_name,noise_type,noise_level,noise_param_name,noise_param_value,denoise_method,ssim_noisy,psnr_noisy,ssim_denoised,psnr_denoised,ssim_improvement,psnr_improvement,entropy_orig,entropy_noisy,entropy_denoised,noise_var_noisy,noise_std_noisy,noise_var_denoised,noise_std_denoised,pixel_abs_error,pixel_mse,improved_fraction,pixel_corr,max_pixel_error,p99_pixel_error
Pokemon_10_dustox,gaussian,little_noisy,sigma,0.01,frequency_domain,0.8758966265052193,42.37998880347735,0.8731659625123392,33.033664297415754,-0.0027306639928800225,-9.346324506061599,1.8334597418314085,3.2752199180652255,3.3536048196325625,4.7305883320643486e-05,0.006877927254678075,0.00048623876003729574,0.022050822207738553,0.009670973193874784,0.0004973173035679213,0.3237037037037037,0.9957210781194417,0.2559108352673045,0.10618774940533109
Pokemon_10_dustox,gaussian,little_noisy,sigma,0.01,anscombe_naive,0.8758966265052193,42.37998880347735,0.9077165030905817,45.266793769738754,0.03181987658536245,2.8868049662614013,1.8334597418314085,3.2752199180652255,2.7901797967128728,4.7305883320643486e-05,0.006877927254678075,2.0228229378176592e-05,0.004497580391519043,0.004472021259068492,2.973860709276494e-05,0.3573148148148148,0.9998235325055749,0.03557040133024392,0.018995936355878363
Pokemon_10_dustox,gaussian,little_noisy,sigma,0.01,anscombe_exact,0.8758966265052193,42.37998880347735,0.2168870754678801,11.933338638325807,-0.6590095510373392,-30.446650165151546,1.8334597418314085,3.2752199180652255,2.194964807518163,4.7305883320643486e-05,0.006877927254678075,2.0228229378176602e-05,0.004497580391519045,0.25308389002958737,0.06407168362188644,0.0,0.9998235325055749,0.2855704013302439,0.2659203158399046
Pokemon_10_dustox,gaussian,little_noisy,sigma,0.01,median_clustering,0.8758966265052193,42.37998880347735,0.8667037694993027,22.9356168761724,-0.009192857005916544,-19.444371927304953,1.8334597418314085,3.2752199180652255,2.2803092309495208,4.7305883320643486e-05,0.006877927254678075,0.005085556557962738,0.0713130882654982,0.018629351948333206,0.005086725621598141,0.38185185185185183,0.9504383472551396,0.9900215713655114,0.3357635978479127
Pokemon_10_dustox,gaussian,little_noisy,sigma,0.01,log_gaussian,0.8758966265052193,42.37998880347735,0.8493245754971007,20.503390660493203,-0.026572051008118547,-21.87659814298415,1.8334597418314085,3.2752199180652255,2.0987110333667958,4.7305883320643486e-05,0.006877927254678075,0.008641839947854321,0.09296149712571501,0.02453478746272023,0.008905553847419364,0.4075925925925926,0.9157930338772367,0.9933854600207302,0.561883717000198
Pokemon_10_dustox,gaussian,noisy,sigma,0.03,frequency_domain,0.5027194930229634,32.86916941031417,0.5234150241316842,30.612381262891407,0.0206955311087208,-2.256788147422764,1.8334597418314085,4.482596101043568,4.5538924801622915,0.0004235793156019233,0.020581042626697105,0.000774350248704111,0.027827149489376573,0.01748226551890932,0.0008684841036293041,0.3613425925925926,0.9933210942715835,0.27198595324634,0.1186081480111418
Pokemon_10_dustox,gaussian,noisy,sigma,0.03,anscombe_naive,0.5027194930229634,32.86916941031417,0.5907583649921725,36.08515168764469,0.08803887196920912,3.215982277330518,1.8334597418314085,4.482596101043568,2.907051834055257,0.0004235793156019233,0.020581042626697105,0.00016469690992554898,0.012833429390679212,0.013020138936298232,0.0002463115806573278,0.38155092592592593,0.9985769515505801,0.11222646081159693,0.05429426511878613
Pokemon_10_dustox,gaussian,noisy,sigma,0.03,anscombe_exact,0.5027194930229634,32.86916941031417,0.21236945305785726,11.722214841910787,-0.2903500399651061,-21.146954568403384,1.8334597418314085,4.482596101043568,2.949074463624881,0.0004235793156019233,0.020581042626697105,0.00016469690992554898,0.012833429390679212,0.2590340838346663,0.06726335349799048,0.0,0.9985769515505801,0.36222646081159693,0.29582625085869035
Pokemon_10_dustox,gaussian,noisy,sigma,0.03,median_clustering,0.5027194930229634,32.86916941031417,0.7764980757132792,22.959101162700698,0.27377858269031585,-9.910068247613474,1.8334597418314085,4.482596101043568,3.336755749998388,0.0004235793156019233,0.020581042626697105,0.005058803331661918,0.07112526507270056,0.021324509976840773,0.005059293608063532,0.3892824074074074,0.9506685828060186,0.9815034249543111,0.34186691276889764
Pokemon_10_dustox,gaussian,noisy,sigma,0.03,log_gaussian,0.5027194930229634,32.86916941031417,0.8396511421445324,20.711893548240674,0.33693164912156903,-12.157275862073497,1.8334597418314085,4.482596101043568,2.312684663201636,0.0004235793156019233,0.020581042626697105,0.008266973940394435,0.09092290107775067,0.0248596967599461,0.008488103083011247,0.4312037037037037,0.9200080202318273,0.9897034373333251,0.5450163925311873
Pokemon_10_dustox,gaussian,very_noisy,sigma,0.06,frequency_domain,0.3025057213384126,26.748290216762133,0.31968267670335454,27.141574709115183,0.01717695536494196,0.3932844923530503,1.8334597418314085,5.305876559785618,5.3470505328937525,0.0017304693142786974,0.04159891001310848,0.0015451501216005323,0.03930839759644919,0.029861974043880617,0.0019312679312739397,0.38069444444444445,0.986258308420928,0.3065745381444569,0.14590501268574405
Pokemon_10_dustox,gaussian,very_noisy,sigma,0.06,anscombe_naive,0.3025057213384126,26.748290216762133,0.37866021599973876,30.628898476063657,0.07615449466132618,3.8806082593015248,1.8334597418314085,5.305876559785618,3.499425923315436,0.0017304693142786974,0.04159891001310848,0.0005412615626659619,0.023265028748444775,0.024910760727722657,0.0008651873329626763,0.39921296296296294,0.995364480968179,0.2158665460293499,0.09899870915245954
Pokemon_10_dustox,gaussian,very_noisy,sigma,0.06,anscombe_exact,0.3025057213384126,26.748290216762133,0.2039314010377333,11.404764969692511,-0.09857432030067928,-15.343525247069621,1.8334597418314085,5.305876559785618,3.726075458615743,0.0017304693142786974,0.04159891001310848,0.0005412615626659621,0.023265028748444782,0.26799793794568466,0.07236415630580498,0.0016203703703703703,0.995364480968179,0.4658665460293499,0.3336369185477971
Pokemon_10_dustox,gaussian,very_noisy,sigma,0.06,median_clustering,0.3025057213384126,26.748290216762133,0.6312273840132817,22.866007292669362,0.32872166267486913,-3.8822829240927703,1.8334597418314085,5.305876559785618,4.0827492432795855,0.0017304693142786974,0.04159891001310848,0.005157451094974815,0.07181539594665488,0.0250535564847114,0.005168913574674869,0.4071296296296296,0.9497416447789184,0.9586843844131769,0.33605217393746756
Pokemon_10_dustox,gaussian,very_noisy,sigma,0.06,log_gaussian,0.3025057213384126,26.748290216762133,0.8052703965160721,20.969236583787065,0.5027646751776595,-5.779053632975067,1.8334597418314085,5.305876559785618,2.8978425912673202,0.0017304693142786974,0.04159891001310848,0.007821189329774315,0.08843748826020736,0.02560686622782055,0.007999748646932352,0.4508333333333333,0.9251724329574676,0.9801202242120186,0.5174515082087979
Pokemon_10_dustox,gaussian,extremely_noisy,sigma,0.12,frequency_domain,0.21693470931731976,20.7962409655668,0.22708455260716306,22.568340724164933,0.010149843289843308,1.7720997585981344,1.8334597418314085,6.067822800846684,6.0693162765043205,0.006805959734159466,0.08249824079433128,0.0040123607068477,0.06334319779461485,0.054652635675558996,0.005535615638674638,0.39793981481481483,0.9623687620605028,0.4964652223195601,0.22112426341178945
Pokemon_10_dustox,gaussian,extremely_noisy,sigma,0.12,anscombe_naive,0.21693470931731976,20.7962409655668,0.2552392603699276,25.070301469215316,0.038304551052607855,4.274060503648517,1.8334597418314085,6.067822800846684,4.175844218650008,0.006805959734159466,0.08249824079433128,0.0019242878932963902,0.04386670597727153,0.04784053357168942,0.0031115003421617504,0.4093981481481481,0.9845049815970494,0.40045244041105077,0.1846785980553004
Pokemon_10_dustox,gaussian,extremely_noisy,sigma,0.12,anscombe_exact,0.21693470931731976,20.7962409655668,0.17467025784929646,10.817626619226395,-0.042264451468023295,-9.978614346340404,1.8334597418314085,6.067822800846684,4.44067089528564,0.006805959734159466,0.08249824079433128,0.0019242878932963898,0.043866705977271526,0.2845731853993932,0.08283947504078318,0.01923611111111111,0.9845049815970494,0.6239817686538373,0.40305172846234816
Pokemon_10_dustox,gaussian,extremely_noisy,sigma,0.12,median_clustering,0.21693470931731976,20.7962409655668,0.4088907318271624,22.292301093782573,0.19195602250984264,1.496060128215774,1.8334597418314085,6.067822800846684,4.900899306954162,0.006805959734159466,0.08249824079433128,0.005814804887958089,0.07625486796236741,0.03305789812158708,0.00589888447071075,0.4342361111111111,0.9432674520292443,0.9472580843399111,0.34434884391875875
Pokemon_10_dustox,gaussian,extremely_noisy,sigma,0.12,log_gaussian,0.21693470931731976,20.7962409655668,0.6934807665693512,20.802152972116627,0.4765460572520315,0.005912006549827709,1.8334597418314085,6.067822800846684,3.5880757829900576,0.006805959734159466,0.08249824079433128,0.008126780535242377,0.09014865797804411,0.029421745308455444,0.008313515345954422,0.47932870370370373,0.9234812466558853,0.983573555893044,0.5063402309085019
Pokemon_10_dustox,poisson,little_noisy,peak,1024.0,frequency_domain,0.9969972795730483,40.21231484667795,0.9735229098608212,29.90438320232334,-0.02347436971222705,-10.307931644354607,1.8334597418314085,1.9995932400753902,2.234948207995136,9.522875940282093e-05,0.00975852239854072,0.0010222285098715337,0.031972308485180324,0.00989024640031273,0.001022260734738774,0.05527777777777778,0.9905657850028392,0.36294329722753016,0.15097533742675018
Pokemon_10_dustox,poisson,little_noisy,peak,1024.0,anscombe_naive,0.9969972795730483,40.21231484667795,0.9969972795730498,40.21231484667795,1.5543122344752192e-15,0.0,1.8334597418314085,1.9995932400753902,1.9995932400753902,9.522875940282093e-05,0.00975852239854072,9.522875940282096e-05,0.009758522398540722,0.0032075221020855475,9.522884464655017e-05,0.04048611111111111,0.9990955128132238,0.1035807291666665,0.04485677083333328
Pokemon_10_dustox,poisson,little_noisy,peak,1024.0,anscombe_exact,0.9969972795730483,40.21231484667795,0.2150071610625309,12.034907987227845,-0.7819901185105174,-28.1774068594501,1.8334597418314085,1.9995932400753902,1.9322301080539337,9.522875940282093e-05,0.00975852239854072,9.522875940282096e-05,0.009758522398540722,0.24999076724693156,0.06259061246811232,0.0,0.9990955128132245,0.3535807291666665,0.2872395833333333
Pokemon_10_dustox,poisson,little_noisy,peak,1024.0,median_clustering,0.9969972795730483,40.21231484667795,0.881309834602098,22.913625226065886,-0.11568744497095029,-17.298689620612063,1.8334597418314085,1.9995932400753902,1.9268291715735852,9.522875940282093e-05,0.00975852239854072,0.005105380722204566,0.07145194694481435,0.017973097015137073,0.005112548928975987,0.03777777777777778,0.9502174679801461,1.0,0.3417981770833336
Pokemon_10_dustox,poisson,little_noisy,peak,1024.0,log_gaussian,0.9969972795730483,40.21231484667795,0.42163223899197916,21.746712077740607,-0.5753650405810691,-18.46560276893734,1.8334597418314085,1.9995932400753902,2.2946699716075747,9.522875940282093e-05,0.00975852239854072,0.006688399935661979,0.08178263835107044,0.0338669491376776,0.006688500936689198,0.029166666666666667,0.9381812616908032,0.9506913365351226,0.4448979471061101
Pokemon_10_dustox,poisson,noisy,peak,512.0,frequency_domain,0.9939794453273839,37.1063341474969,0.9700555478080092,29.388839115149267,-0.023923897519374737,-7.717495032347635,1.8334597418314085,2.0075593158720264,2.250134524135314,0.0001946908241565285,0.01395316538125054,0.0011510285351261295,0.03392681144944407,0.010603684312638898,0.0011511080431654826,0.06893518518518518,0.9892881683797794,0.4078153998516161,0.1585158327723179
Pokemon_10_dustox,poisson,noisy,peak,512.0,anscombe_naive,0.9939794453273839,37.1063341474969,0.993979445327379,37.1063341474969,-4.884981308350689e-15,0.0,1.8334597418314085,2.0075593158720264,2.0075593158720264,0.0001946908241565285,0.01395316538125054,0.00019469082415652828,0.013953165381250531,0.004622442285653767,0.0001947002841099308,0.042847222222222224,0.9981584241379828,0.14062499999999978,0.06432291666666656
Pokemon_10_dustox,poisson,noisy,peak,512.0,anscombe_exact,0.9939794453273839,37.1063341474969,0.21225328821307002,12.024324256565233,-0.7817261571143139,-25.08200989093167,1.8334597418314085,2.0075593158720264,1.9250311025334617,0.0001946908241565285,0.01395316538125054,0.00019469082415652834,0.013953165381250533,0.2500972622917811,0.06274333143000047,0.0,0.9981584241379832,0.3906249999999998,0.30351593137254906
Pokemon_10_dustox,poisson,noisy,peak,512.0,median_clustering,0.9939794453273839,37.1063341474969,0.8812318279595214,22.904120408466937,-0.11274761736786254,-14.202213739029965,1.8334597418314085,2.0075593158720264,1.9406096846714722,0.0001946908241565285,0.01395316538125054,0.005116662030256967,0.07153084670446008,0.01817434885195398,0.005123750328319973,0.04173611111111111,0.9501066744781714,1.0,0.3412760416666667
Pokemon_10_dustox,poisson,noisy,peak,512.0,log_gaussian,0.9939794453273839,37.1063341474969,0.42875500329772215,21.73568157456726,-0.5652244420296617,-15.370652572929643,1.8334597418314085,2.0075593158720264,2.298729511002162,0.0001946908241565285,0.01395316538125054,0.006705424608170875,0.0818866570826461,0.033857800807940444,0.006705510432739423,0.039375,0.9379177478122515,0.9527136816660638,0.4435202404778181
Pokemon_10_dustox,poisson,very_noisy,peak,255.0,frequency_domain,0.9892918070886481,34.212124606563144,0.966600548485346,28.9602650745362,-0.02269125860330201,-5.251859532026945,1.8334597418314085,2.011826538420771,2.2439266702457292,0.0003791096933087131,0.01947073941350747,0.0012703923713689184,0.0356425640403285,0.011415372956115237,0.0012704965572364682,0.07861111111111112,0.9881258596239388,0.39552191811845516,0.16317032328122388
Pokemon_10_dustox,poisson,very_noisy,peak,255.0,anscombe_naive,0.9892918070886481,34.212124606563144,0.9892918070886485,34.21212460656314,4.440892098500626e-16,-7.105427357601002e-15,1.8334597418314085,2.011826538420771,2.011826538420771,0.0003791096933087131,0.01947073941350747,0.00037910969330871283,0.01947073941350746,0.006407135120172898,0.00037912946615020597,0.035925925925925924,0.9964222779034405,0.2039215688611945,0.09019606709480299
Pokemon_10_dustox,poisson,very_noisy,peak,255.0,anscombe_exact,0.9892918070886481,34.212124606563144,0.20799783892731816,12.010081467365527,-0.7812939681613299,-22.202043139197617,1.8334597418314085,2.011826538420771,1.9156362210693756,0.0003791096933087131,0.01947073941350747,0.00037910969330871294,0.01947073941350746,0.2501406159361273,0.06294943743421388,0.0008796296296296296,0.9964222779034402,0.4539215688611945,0.32843137582143145
Pokemon_10_dustox,poisson,very_noisy,peak,255.0,median_clustering,0.9892918070886481,34.212124606563144,0.8793416634640497,22.861496094855305,-0.10995014362459832,-11.35062851170784,1.8334597418314085,2.011826538420771,1.9426171745681953,0.0003791096933087131,0.01947073941350747,0.005166112049684136,0.07187567077728135,0.01862636154307341,0.005174285530218997,0.05143518518518519,0.9496002326421839,1.0,0.34509801077842717
Pokemon_10_dustox,poisson,very_noisy,peak,255.0,log_gaussian,0.9892918070886481,34.212124606563144,0.4379433551257148,21.71295657011951,-0.5513484519629333,-12.499168036443635,1.8334597418314085,2.011826538420771,2.2960815963343744,0.0003791096933087131,0.01947073941350747,0.006740568619921645,0.08210096601089201,0.033580089138595684,0.006740689818622189,0.04847222222222222,0.9376130840671135,0.9541380092301036,0.4476383330524296
Pokemon_10_dustox,poisson,extremely_noisy,peak,128.0,frequency_domain,0.9808437893958807,31.21229732098911,0.9575944418831739,27.8813759689964,-0.023249347512706797,-3.330921351992707,1.8334597418314085,2.0235566095095394,2.2475238413381233,0.0007564314389929635,0.02750329869293797,0.001628762518434622,0.04035793005636714,0.013043870097644912,0.0016287799068736809,0.0899537037037037,0.9846612344232208,0.4590132057302726,0.18157239161693176
Pokemon_10_dustox,poisson,extremely_noisy,peak,128.0,anscombe_naive,0.9808437893958807,31.21229732098911,0.9808437893958833,31.21229732098911,2.6645352591003757e-15,0.0,1.8334597418314085,2.0235566095095394,2.0235566095095394,0.0007564314389929635,0.02750329869293797,0.0007564314389929635,0.02750329869293797,0.009053878307689885,0.0007564326531609312,0.03847222222222222,0.9928819895456164,0.24687499999999996,0.12708333333333321
Pokemon_10_dustox,poisson,extremely_noisy,peak,128.0,anscombe_exact,0.9808437893958807,31.21229732098911,0.20052216815706184,11.99014936170407,-0.7803216212388189,-19.22214795928504,1.8334597418314085,2.0235566095095394,1.9183273825757516,0.0007564314389929635,0.02750329869293797,0.0007564314389929635,0.02750329869293797,0.24996515508691994,0.06323901019662091,0.004884259259259259,0.992881989545616,0.49687499999999996,0.3536510416666676
Pokemon_10_dustox,poisson,extremely_noisy,peak,128.0,median_clustering,0.9808437893958807,31.21229732098911,0.8772914493751008,22.80085048677045,-0.10355234002077984,-8.411446834218658,1.8334597418314085,2.0235566095095394,1.9456050460896517,0.0007564314389929635,0.02750329869293797,0.005233957581378222,0.07234609582678406,0.019045762981118375,0.005247046963143641,0.0600462962962963,0.9489166699826362,1.0,0.34375
Pokemon_10_dustox,poisson,extremely_noisy,peak,128.0,log_gaussian,0.9808437893958807,31.21229732098911,0.4478405671922876,21.655840947943986,-0.5330032222035931,-9.556456373045123,1.8334597418314085,2.0235566095095394,2.2911672911977927,0.0007564314389929635,0.02750329869293797,0.006827909323395034,0.0826311643594294,0.03328168097712658,0.0068299245364357155,0.062037037037037036,0.9368347091194801,0.9553581056795963,0.4510703605533877
Pokemon_10_dustox,salt_pepper,little_noisy,amount,0.01,frequency_domain,0.8373817648992504,23.35099043243693,0.7969114328939052,25.483982620823284,-0.04047033200534522,2.1329921883863534,1.8334597418314085,1.9570937364103123,2.9166050574809215,0.004608977169068865,0.0678894481423208,0.002810669046437064,0.05301574338285811,0.015499182672318399,0.002828796707952669,0.005810185185185186,0.9729385829955893,0.7139748430617007,0.22466754571552608
Pokemon_10_dustox,salt_pepper,little_noisy,amount,0.01,anscombe_naive,0.8373817648992504,23.35099043243693,0.837381764899256,23.35099043243693,5.551115123125783e-15,0.0,1.8334597418314085,1.9570937364103123,1.9575078068613745,0.004608977169068865,0.0678894481423208,0.0046089771690688616,0.06788944814232077,0.004980119825708475,0.004622755848890028,4.6296296296296294e-05,0.9579594238942619,1.0,2.1094237467877974e-15
Pokemon_10_dustox,salt_pepper,little_noisy,amount,0.01,anscombe_exact,0.8373817648992504,23.35099043243693,0.20523235553760033,11.612847551712019,-0.6321494093616501,-11.738142880724912,1.8334597418314085,1.9570937364103123,1.8752678644315062,0.004608977169068865,0.0678894481423208,0.004608977169068863,0.06788944814232079,0.2544469408133625,0.06897873805658795,0.0010648148148148149,0.9579594238942624,1.25,0.2500000000000021
Pokemon_10_dustox,salt_pepper,little_noisy,amount,0.01,median_clustering,0.8373817648992504,23.35099043243693,0.8803613587606974,22.849355209815087,0.04297959386144701,-0.501635222621843,1.8334597418314085,1.9570937364103123,1.7261871495955896,0.004608977169068865,0.0678894481423208,0.005184056567320841,0.07200039282754533,0.01729248366013072,0.00518877070072764,0.005694444444444445,0.9494920446111037,1.0,0.33333333333333337
Pokemon_10_dustox,salt_pepper,little_noisy,amount,0.01,log_gaussian,0.8373817648992504,23.35099043243693,0.39988314506303535,21.55367151592762,-0.4374986198362151,-1.7973189165093117,1.8334597418314085,1.9570937364103123,2.534053128586618,0.004608977169068865,0.0678894481423208,0.006992457908017517,0.08362091788552381,0.03543340099295948,0.006992506011466221,0.005740740740740741,0.9362232185723889,0.948418393423774,0.4449485284833552
Pokemon_10_dustox,salt_pepper,noisy,amount,0.03,frequency_domain,0.5657447367610562,18.523486331628433,0.49893675269417614,22.62590018709876,-0.06680798406688004,4.102413855470328,1.8334597418314085,2.1485311480237783,3.7797160423709,0.013906067103523814,0.11792398866864966,0.005301716821671546,0.07281288911773481,0.028277905822946883,0.00546273308942156,0.017453703703703704,0.9482369757717602,0.6672094906747859,0.38766953645966895
Pokemon_10_dustox,salt_pepper,noisy,amount,0.03,anscombe_naive,0.5657447367610562,18.523486331628433,0.5657447367610595,18.523486331628433,3.3306690738754696e-15,0.0,1.8334597418314085,2.1485311480237783,2.1485137085638666,0.013906067103523814,0.11792398866864966,0.013906067103523809,0.11792398866864964,0.015079883805374087,0.01404919261822376,0.0006018518518518519,0.8834079117171677,1.0,1.0
Pokemon_10_dustox,salt_pepper,noisy,amount,0.03,anscombe_exact,0.5657447367610562,18.523486331628433,0.18492604774884822,10.833831745520726,-0.38081868901220794,-7.689654586107707,1.8334597418314085,2.1485311480237783,2.054721668195808,0.013906067103523814,0.11792398866864966,0.013906067103523819,0.11792398866864968,0.26375118010166987,0.08253094643085974,0.0027083333333333334,0.883407911717168,1.25,1.25
Pokemon_10_dustox,salt_pepper,noisy,amount,0.03,median_clustering,0.5657447367610562,18.523486331628433,0.8795798807913947,22.812304354971484,0.3138351440303385,4.288818023343051,1.8334597418314085,2.1485311480237783,1.7455489098217591,0.013906067103523814,0.11792398866864966,0.005228299508424467,0.07230698104902782,0.017563634713144517,0.005233226892790523,0.01726851851851852,0.9490351780837901,1.0,0.33333333333333337
Pokemon_10_dustox,salt_pepper,noisy,amount,0.03,log_gaussian,0.5657447367610562,18.523486331628433,0.37522422594447935,21.166215128338454,-0.19052051081657684,2.6427287967100206,1.8334597418314085,2.1485311480237783,2.9214182110511744,0.013906067103523814,0.11792398866864966,0.007642500984886716,0.08742139889573214,0.03781167172121502,0.007645017557828326,0.01724537037037037,0.9314224934230834,0.9479593912089824,0.46293721663518844
Pokemon_10_dustox,salt_pepper,very_noisy,amount,0.06,frequency_domain,0.3561497450604521,15.394509261747507,0.30470654986778395,20.897302625423812,-0.051443195192668156,5.502793363676306,1.8334597418314085,2.386288736648672,5.153517641203495,0.028229662597908364,0.16801685212474482,0.007481058996540602,0.08649311531295772,0.0444952340515843,0.008133355166828069,0.035787037037037034,0.9261233184988388,0.7544663275735646,0.3413688600597047
Pokemon_10_dustox,salt_pepper,very_noisy,amount,0.06,anscombe_naive,0.3561497450604521,15.394509261747507,0.3561333099167632,15.394504479141613,-1.6435143688930953e-05,-4.782605893538516e-06,1.8334597418314085,2.386288736648672,2.3895237363179156,0.028229662597908364,0.16801685212474482,0.028229714099136157,0.1680170053867648,0.031017391782449676,0.028876832389698175,0.0025925925925925925,0.789670445717612,1.0,1.0
Pokemon_10_dustox,salt_pepper,very_noisy,amount,0.06,anscombe_exact,0.3561497450604521,15.394509261747507,0.16059107757787847,9.825655733216685,-0.19555866748257364,-5.568853528530822,1.8334597418314085,2.386288736648672,2.2871639627361375,0.028229662597908364,0.16801685212474482,0.02822971409913616,0.16801700538676484,0.2785299776980619,0.1040960922990051,0.005023148148148148,0.7896704457176125,1.25,1.25
Pokemon_10_dustox,salt_pepper,very_noisy,amount,0.06,median_clustering,0.3561497450604521,15.394509261747507,0.8783235542489299,22.708685783226684,0.5221738091884778,7.314176521479178,1.8334597418314085,2.386288736648672,1.773511757209096,0.028229662597908364,0.16801685212474482,0.005355531347155178,0.07318149593411696,0.017663398692810455,0.005359588192575504,0.035486111111111114,0.947816459967778,1.0,0.33333333333333337
Pokemon_10_dustox,salt_pepper,very_noisy,amount,0.06,log_gaussian,0.3561497450604521,15.394509261747507,0.33752488255509183,20.831668459461568,-0.018624862505360273,5.437159197714061,1.8334597418314085,2.386288736648672,3.512740745642167,0.028229662597908364,0.16801685212474482,0.008256798443775805,0.09086692711749311,0.04202366492216688,0.008257206657558405,0.035486111111111114,0.9273709167566578,0.9672182231172618,0.4610066180509434
Pokemon_10_dustox,salt_pepper,extremely_noisy,amount,0.12,frequency_domain,0.18924741332774267,12.434267992138059,0.17205536326472057,19.037416995202932,-0.017192050063022102,6.603149003064873,1.8334597418314085,2.7557300369991946,6.581024950949404,0.05470549231747286,0.23389205270267918,0.010094119391882742,0.10046949483242534,0.07320583415123141,0.012481256272747971,0.07168981481481482,0.8994189611631934,0.8440644425030084,0.35608499260901066
Pokemon_10_dustox,salt_pepper,extremely_noisy,amount,0.12,anscombe_naive,0.18924741332774267,12.434267992138059,0.216016261958327,14.775035787143146,0.02676884863058432,2.340767795005087,1.8334597418314085,2.7557300369991946,3.7528238933181974,0.05470549231747286,0.23389205270267918,0.03203856438648738,0.17899319648100423,0.05242636076868904,0.03330400179496999,0.0642361111111111,0.7480772683663888,1.0000000000000007,0.9620822126733415
Pokemon_10_dustox,salt_pepper,extremely_noisy,amount,0.12,anscombe_exact,0.18924741332774267,12.434267992138059,0.13432550081517902,9.446580066555452,-0.05492191251256365,-2.987687925582607,1.8334597418314085,2.7557300369991946,3.972984026253543,0.05470549231747286,0.23389205270267918,0.03203856438648738,0.17899319648100423,0.28968510106256473,0.11359049532575484,0.038935185185185184,0.7480772683663889,1.2500000000000007,1.2120822126733415
Pokemon_10_dustox,salt_pepper,extremely_noisy,amount,0.12,median_clustering,0.18924741332774267,12.434267992138059,0.8748186016473308,22.445952858101023,0.6855711883195882,10.011684865962964,1.8334597418314085,2.7557300369991946,1.795406976345833,0.05470549231747286,0.23389205270267918,0.005688046857538438,0.07541914118801962,0.01822476397966594,0.005693832856308827,0.07104166666666667,0.9444700015621247,1.0,0.33333333333333337
Pokemon_10_dustox,salt_pepper,extremely_noisy,amount,0.12,log_gaussian,0.18924741332774267,12.434267992138059,0.2796820538362457,19.665683876394503,0.09043464050850306,7.231415884256444,1.8334597418314085,2.7557300369991946,4.337178950690635,0.05470549231747286,0.23389205270267918,0.010778113309471989,0.10381769266108734,0.050426074937645046,0.010800195385863687,0.07099537037037038,0.9107359888012679,0.9484166330948677,0.5093621587207522
Pokemon_10_dustox,speckle,little_noisy,var,0.01,frequency_domain,0.9855370752808783,32.40919714159776,0.9612456481495316,28.152369223634444,-0.024291427131346688,-4.256827917963314,1.8334597418314085,2.018146526616151,2.266438788264056,0.0005738823680996025,0.023955842045304994,0.0015300821686661844,0.039116264758616515,0.012490347482544555,0.0015302524293542836,0.08097222222222222,0.9858359338475104,0.4802417670534418,0.17875346338649337
Pokemon_10_dustox,speckle,little_noisy,var,0.01,anscombe_naive,0.9855370752808783,32.40919714159776,0.9855370752808708,32.40919714159776,-7.549516567451064e-15,0.0,1.8334597418314085,2.018146526616151,2.018146526616151,0.0005738823680996025,0.023955842045304994,0.0005738823680996038,0.02395584204530502,0.007565317599323703,0.000574222606045824,0.06037037037037037,0.9945301714587781,0.24596680685876404,0.11415536987804847
Pokemon_10_dustox,speckle,little_noisy,var,0.01,anscombe_exact,0.9855370752808783,32.40919714159776,0.2049064224966076,12.021608896333687,-0.7806306527842707,-20.38758824526407,1.8334597418314085,2.018146526616151,1.9148133628238702,0.0005738823680996025,0.023955842045304994,0.0005738823680996035,0.023955842045305015,0.2494167008090006,0.06278257301054614,0.004560185185185185,0.994530171458778,0.45858053813617283,0.3344007705487862
Pokemon_10_dustox,speckle,little_noisy,var,0.01,median_clustering,0.9855370752808783,32.40919714159776,0.8771648221275962,22.816162302007392,-0.10837225315328214,-9.593034839590366,1.8334597418314085,2.018146526616151,1.9483247040983431,0.0005738823680996025,0.023955842045304994,0.005211563493746831,0.0721911593877452,0.018934900775375935,0.005228580150027405,0.05597222222222222,0.9491862104375939,1.0,0.3430145091658755
Pokemon_10_dustox,speckle,little_noisy,var,0.01,log_gaussian,0.9855370752808783,32.40919714159776,0.42734698111732516,21.65296694837003,-0.5581900941635531,-10.75623019322773,1.8334597418314085,2.018146526616151,2.3021086756796167,0.0005738823680996025,0.023955842045304994,0.006833788810231226,0.08266673339518882,0.03397149644077917,0.006834445822658964,0.052453703703703704,0.9373265289855657,0.9505321057745467,0.4489958948730195
Pokemon_10_dustox,speckle,noisy,var,0.02,frequency_domain,0.9744217406903988,29.398690301973197,0.9500679829177119,27.04495861531433,-0.02435375777268689,-2.3537316866588682,1.8334597418314085,2.0272980473668483,2.27737962342718,0.0011481314447248307,0.03388408837086857,0.001974504415662813,0.04443539597733785,0.014404563873517028,0.001974713696714101,0.09238425925925926,0.981511041891921,0.5540530956237852,0.2013496292764444
Pokemon_10_dustox,speckle,noisy,var,0.02,anscombe_naive,0.9744217406903988,29.398690301973197,0.9744217406903973,29.398690301973197,-1.4432899320127035e-15,0.0,1.8334597418314085,2.0272980473668483,2.0272980473668483,0.0011481314447248307,0.03388408837086857,0.0011481314447248318,0.033884088370868586,0.010731302168717713,0.0011484999213827788,0.05974537037037037,0.9890924346672201,0.48621333508170617,0.16019941484997713
Pokemon_10_dustox,speckle,noisy,var,0.02,anscombe_exact,0.9744217406903988,29.398690301973197,0.19491163088498373,11.982877381555506,-0.779510109805415,-17.415812920417693,1.8334597418314085,2.0272980473668483,1.9099952128051805,0.0011481314447248307,0.03388408837086857,0.0011481314447248315,0.033884088370868586,0.24949255551471713,0.06334498853034978,0.012199074074074074,0.98909243466722,0.5282547393276088,0.3712993956556463
Pokemon_10_dustox,speckle,noisy,var,0.02,median_clustering,0.9744217406903988,29.398690301973197,0.8754222092917722,22.722499916518718,-0.0989995313986266,-6.676190385454479,1.8334597418314085,2.0272980473668483,1.9633468745272193,0.0011481314447248307,0.03388408837086857,0.005319414859023045,0.07293431880139174,0.019580485818775764,0.005342567382372413,0.0674074074074074,0.9481679431879264,1.0,0.34195921437382
Pokemon_10_dustox,speckle,noisy,var,0.02,log_gaussian,0.9744217406903988,29.398690301973197,0.43574710357465535,21.58436806400588,-0.5386746371157434,-7.814322237967318,1.8334597418314085,2.0272980473668483,2.3033156231716534,0.0011481314447248307,0.03388408837086857,0.006940548678045625,0.08330995545578947,0.03398202370747356,0.0069432562474143755,0.0662962962962963,0.9364813068178283,0.9525771648580736,0.4515632414907694
Pokemon_10_dustox,speckle,very_noisy,var,0.04,frequency_domain,0.9586626341212069,26.752817775000892,0.9322565087268506,25.66267630363994,-0.026406125394356272,-1.0901414713609512,1.8334597418314085,2.0379061196306885,2.2462558769030943,0.0021112056653774364,0.0459478581152314,0.002714024916963389,0.05209630425436519,0.01713091817262003,0.0027147658014057565,0.0969212962962963,0.9744002228525858,0.6189293189641858,0.23602420257313816
Pokemon_10_dustox,speckle,very_noisy,var,0.04,anscombe_naive,0.9586626341212069,26.752817775000892,0.9586626341212089,26.752817775000892,1.9984014443252818e-15,0.0,1.8334597418314085,2.0379061196306885,2.0379061196306885,0.0021112056653774364,0.0459478581152314,0.002111205665377438,0.04594785811523142,0.014603187052273186,0.002112118217667331,0.05747685185185185,0.9800158509416167,0.5042039412937248,0.21517940139290057
Pokemon_10_dustox,speckle,very_noisy,var,0.04,anscombe_exact,0.9586626341212069,26.752817775000892,0.18090776355648974,11.929084207759932,-0.7777548705647171,-14.82373356724096,1.8334597418314085,2.0379061196306885,1.8902653332832497,0.0021112056653774364,0.0459478581152314,0.002111205665377438,0.04594785811523142,0.2495736546550073,0.06413448020360937,0.022152777777777778,0.9800158509416166,0.5889416115949743,0.40957549293952217
Pokemon_10_dustox,speckle,very_noisy,var,0.04,median_clustering,0.9586626341212069,26.752817775000892,0.870752003990514,22.557432688467888,-0.08791063013069289,-4.195385086533005,1.8334597418314085,2.0379061196306885,1.972123766143924,0.0021112056653774364,0.0459478581152314,0.005515794343842476,0.07426839397645862,0.02033723258252168,0.005549536742828189,0.07773148148148148,0.9463492728803616,1.0,0.35311775219542924
Pokemon_10_dustox,speckle,very_noisy,var,0.04,log_gaussian,0.9586626341212069,26.752817775000892,0.448746856328677,21.44133871816802,-0.5099157777925298,-5.311479056832873,1.8334597418314085,2.0379061196306885,2.313351781996417,0.0021112056653774364,0.0459478581152314,0.007165168891134186,0.08464732063765625,0.03419733780294889,0.007175730643825049,0.07722222222222222,0.9350515441231207,0.9561364023163644,0.4566703883726929
Pokemon_10_dustox,speckle,extremely_noisy,var,0.08,frequency_domain,0.9362980974895061,23.89116191114877,0.9061334715097825,24.185086406838124,-0.03016462597972358,0.2939244956893532,1.8334597418314085,2.056637351653273,2.3906420699591138,0.004079276038807024,0.06386921041321103,0.003812293761682661,0.061743775084478446,0.02056529159718404,0.0038149720396999432,0.10444444444444445,0.9637859945926579,0.6650113768655614,0.2803672293617985
Pokemon_10_dustox,speckle,extremely_noisy,var,0.08,anscombe_naive,0.9362980974895061,23.89116191114877,0.9362980974895138,23.89116191114877,7.66053886991358e-15,0.0,1.8334597418314085,2.056637351653273,2.056637351653273,0.004079276038807024,0.06386921041321103,0.004079276038807027,0.06386921041321104,0.020220097413486782,0.0040821015920500135,0.05731481481481481,0.9617542861644828,0.8786462732628654,0.293661464494867
Pokemon_10_dustox,speckle,extremely_noisy,var,0.08,anscombe_exact,0.9362980974895061,23.89116191114877,0.161285819426649,11.821595157580322,-0.7750122780628571,-12.069566753568449,1.8334597418314085,2.056637351653273,1.8799280995108918,0.004079276038807024,0.06386921041321103,0.004079276038807027,0.06386921041321104,0.2507386061798155,0.06574163249044865,0.033541666666666664,0.9617542861644827,0.7385489022189432,0.4648954769817398
Pokemon_10_dustox,speckle,extremely_noisy,var,0.08,median_clustering,0.9362980974895061,23.89116191114877,0.8658645897053828,22.286080424090308,-0.07043350778412327,-1.605081487058463,1.8334597418314085,2.056637351653273,1.9742683361891726,0.004079276038807024,0.06386921041321103,0.005853972924642058,0.07651126011667864,0.02142391674830079,0.005907339863583568,0.09037037037037036,0.9431502508630292,1.0,0.3691419675941403
Pokemon_10_dustox,speckle,extremely_noisy,var,0.08,log_gaussian,0.9362980974895061,23.89116191114877,0.5025621368881473,21.074721298574634,-0.43373596060135877,-2.8164406125741372,1.8334597418314085,2.056637351653273,2.2817668613981423,0.004079276038807024,0.06386921041321103,0.007736511504478137,0.0879574414389035,0.03340061796322943,0.007807785437243103,0.09046296296296297,0.9308739924024485,0.9611452898832273,0.475643262049322
